<?xml version="1.0" encoding="UTF-8"?>
<beans xmlns:xsi="http://www.w3.org/2001/XMLSchema-instance"
       xmlns:context="http://www.springframework.org/schema/context"
       xmlns="http://www.springframework.org/schema/beans"
       xsi:schemaLocation="http://www.springframework.org/schema/beans
       http://www.springframework.org/schema/beans/spring-beans.xsd
        http://www.springframework.org/schema/context
        http://www.springframework.org/schema/context/spring-context.xsd">
    <context:component-scan base-package="com.lfj"></context:component-scan>

    <!-- 1配置数据源 -->
    <bean id="dataSource" class="org.springframework.jdbc.datasource.DriverManagerDataSource">
        <!--数据库驱动 -->
        <property name="driverClassName" value="com.mysql.jdbc.Driver"/>
        <!--连接数据库的url -->
        <property name="url" value="jdbc:mysql://localhost/experiment02_spring"/>
        <!--连接数据库的用户名 -->
        <property name="username" value="root"/>
        <!--连接数据库的密码 -->
        <property name="password" value="741106"/>
    </bean>
    <!-- 2配置JDBC模板 -->
    <bean id="jdbcTemplate"
          class="org.springframework.jdbc.core.JdbcTemplate">
        <!-- 默认必须使用数据源 -->
        <property name="dataSource" ref="dataSource"/>
    </bean>

    <!--3.定义id为accountDao的Bean-->
    <bean id="accountDao" class="com.lfj.dao.impl.AccountDaoImpl">
        <!--属性赋值-->
        <!-- 将jdbcTemplate注入到accountDao实例中 -->
        <property name="jdbcTemplate" ref="jdbcTemplate"/>
    </bean>

</beans>

