<?xml version="1.0" encoding="UTF-8"?>
<!DOCTYPE mapper
        PUBLIC "-//mybatis.org//DTD mapper 3.0//EN"
        "http://mybatis.org/dtd/mybatis-3-mapper.dtd">
<mapper namespace="com.itheima.mapper.OrdersMapper">
    <!-- 多对多嵌套查询：通过执行另外一条SQL映射语句来返回预期的特殊类型 -->
    <select id="findOrdersWithPorduct" parameterType="Integer"
            resultMap="OrdersWithProductResult">
   		select * from tb_orders WHERE id=#{id}
   	</select>
    <resultMap type="Orders" id="OrdersWithProductResult">
        <id property="id" column="id"/>
        <result property="number" column="number"/>
        <collection property="productList" column="id" ofType="Product"
                    select="com.itheima.mapper.ProductMapper.findProductById">
        </collection>
    </resultMap>

    <!-- 多对多嵌套结果查询：查询某订单及其关联的商品详情 -->
    <select id="findOrdersWithPorduct2" parameterType="Integer"
            resultMap="OrdersWithPorductResult2">
    select o.*,p.id as pid,p.name,p.price
    from tb_orders o,tb_product p,tb_ordersitem  oi
    WHERE oi.orders_id=o.id
    and oi.product_id=p.id
    and o.id=#{id}
   </select>
    <!-- 自定义手动映射类型 -->
    <resultMap type="Orders" id="OrdersWithPorductResult2">
        <id property="id" column="id"/>
        <result property="number" column="number"/>
        <!-- 多对多关联映射：collection -->
        <collection property="productList" ofType="Product">
            <id property="id" column="pid"/>
            <result property="name" column="name"/>
            <result property="price" column="price"/>
        </collection>
    </resultMap>

</mapper>
