<?xml version="1.0" encoding="UTF-8"?>
<!DOCTYPE mapper PUBLIC "-//mybatis.org//DTD Mapper 3.0//EN"
        "http://mybatis.org/dtd/mybatis-3-mapper.dtd">
<!-- namespace表示命名空间 -->
<mapper namespace="com.itheima.mapper.UsersMapper">
    <!-- 一对多：查看某一用户及其关联的订单信息
     注意：当关联查询出的列名相同，则需要使用别名区分 -->
    <select id="findUserWithOrders" parameterType="Integer"
            resultMap="UserWithOrdersResult">
  			SELECT u.*,o.id as orders_id,o.number
  			from tb_user u,tb_orders o
  			WHERE u.id=o.user_id
  	         and u.id=#{id}
  		</select>
    <resultMap type="Users" id="UserWithOrdersResult">
        <id property="id" column="id"/>
        <result property="username" column="username"/>
        <result property="address" column="address"/>
        <!-- 一对多关联映射：collection
            ofType表示属性集合中元素的类型，List<Orders>属性即Orders类 -->
        <collection property="ordersList" ofType="Orders">
            <id property="id" column="orders_id"/>
            <result property="number" column="number"/>
        </collection>
    </resultMap>
</mapper>
