<?xml version="1.0" encoding="UTF-8"?>
<beans xmlns="http://www.springframework.org/schema/beans"
       xmlns:xsi="http://www.w3.org/2001/XMLSchema-instance"
       xmlns:context="http://www.springframework.org/schema/context"
       xmlns:mvc="http://www.springframework.org/schema/mvc"
       xsi:schemaLocation="http://www.springframework.org/schema/beans
							http://www.springframework.org/schema/beans/spring-beans.xsd
							http://www.springframework.org/schema/context
							http://www.springframework.org/schema/context/spring-context.xsd
							http://www.springframework.org/schema/mvc
							http://www.springframework.org/schema/mvc/spring-mvc.xsd">

    <!-- 告知springmvc  哪些包中 存在 被注解的类 -->
    <context:component-scan base-package="cn.lfj.controller"></context:component-scan>
    <!-- 注册注解开发驱动 -->
    <mvc:annotation-driven></mvc:annotation-driven>

    <!-- 视图解析器
         作用：1.捕获后端控制器的返回值="index"
              2.解析： 在返回值的前后 拼接 ==> "/index.jsp"
     -->
    <bean class="org.springframework.web.servlet.view.InternalResourceViewResolver">
        <!-- 前缀 -->
        <property name="prefix" value="/"></property>
        <!-- 后缀 -->
        <property name="suffix" value=".jsp"></property>
    </bean>

    <!-- 声明异常解析器 -->
    <bean class="cn.lfj.exception.resolver.MyExResolver"></bean>

</beans>