<?xml version="1.0" encoding="UTF-8"?>
<!DOCTYPE mapper PUBLIC "-//mybatis.org//DTD Mapper 3.0//EN" "http://mybatis.org/dtd/mybatis-3-mapper.dtd">

<mapper namespace="com.anhuay.system.dao.PropertyDao">

	<select id="get" resultType="com.anhuay.system.domain.PropertyDO">
		select `id`,`prop_name`,`prop_value`,`remark`,`status`,`update_time`,`create_time` from sys_property where id = #{value}
	</select>

	<select id="list" resultType="com.anhuay.system.domain.PropertyDO">
		select `id`,`prop_name`,`prop_value`,`remark`,`status`,`update_time`,`create_time` from sys_property
        <where>  
		  		  <if test="id != null and id != ''"> and id = #{id} </if>
		  		  <if test="propName != null and propName != ''"> and prop_name = #{propName} </if>
		  		  <if test="propValue != null and propValue != ''"> and prop_value = #{propValue} </if>
		  		  <if test="remark != null and remark != ''"> and remark = #{remark} </if>
		  		  <if test="status != null and status != ''"> and status = #{status} </if>
		  		  <if test="updateTime != null and updateTime != ''"> and update_time = #{updateTime} </if>
		  		  <if test="createTime != null and createTime != ''"> and create_time = #{createTime} </if>
		  		  and status = 1
		</where>
        <choose>
            <when test="sort != null and sort.trim() != ''">
                order by ${sort} ${order}
            </when>
			<otherwise>
                order by id desc
			</otherwise>
        </choose>
		<if test="offset != null and limit != null">
			limit #{offset}, #{limit}
		</if>
	</select>
	
 	<select id="count" resultType="int">
		select count(*) from sys_property
		 <where>  
		  		  <if test="id != null and id != ''"> and id = #{id} </if>
		  		  <if test="propName != null and propName != ''"> and prop_name = #{propName} </if>
		  		  <if test="propValue != null and propValue != ''"> and prop_value = #{propValue} </if>
		  		  <if test="remark != null and remark != ''"> and remark = #{remark} </if>
		  		  <if test="status != null and status != ''"> and status = #{status} </if>
		  		  <if test="updateTime != null and updateTime != ''"> and update_time = #{updateTime} </if>
		  		  <if test="createTime != null and createTime != ''"> and create_time = #{createTime} </if>
		  		  and status = 1
		</where>
	</select>
	 
	<insert id="save" parameterType="com.anhuay.system.domain.PropertyDO">
		insert into sys_property
		(
			`id`, 
			`prop_name`, 
			`prop_value`, 
			`remark`, 
			`status`, 
			`update_time`, 
			`create_time`
		)
		values
		(
			#{id}, 
			#{propName}, 
			#{propValue}, 
			#{remark}, 
			#{status}, 
			#{updateTime}, 
			#{createTime}
		)
	</insert>
	 
	<update id="update" parameterType="com.anhuay.system.domain.PropertyDO">
		update sys_property 
		<set>
			<if test="propName != null">`prop_name` = #{propName}, </if>
			<if test="propValue != null">`prop_value` = #{propValue}, </if>
			<if test="remark != null">`remark` = #{remark}, </if>
			<if test="status != null">`status` = #{status}, </if>
			<if test="updateTime != null">`update_time` = #{updateTime}, </if>
			<if test="createTime != null">`create_time` = #{createTime}</if>
		</set>
		where id = #{id}
	</update>
	
	<update id="updateStatus">
        update sys_property set status = 0 where id = #{value}
    </update>

    <update id="batchUpdateStatus">
        update sys_property set status = 0 where id in
        <foreach item="id" collection="array" open="(" separator="," close=")">
            #{id}
        </foreach>
    </update>
	
	<delete id="remove">
		delete from sys_property where id = #{value}
	</delete>
	
	<delete id="batchRemove">
		delete from sys_property where id in 
		<foreach item="id" collection="array" open="(" separator="," close=")">
			#{id}
		</foreach>
	</delete>

</mapper>