<?xml version="1.0" encoding="UTF-8"?>
	<!DOCTYPE configuration
		  PUBLIC "-//mybatis.org//DTD Config 3.0//EN"
		  "http://mybatis.org/dtd/mybatis-3-config.dtd">
	<configuration>
		<properties resource="db.properties" />
		<!-- 定义别名 -->
		<typeAliases>
			<!-- <typeAlias alias="user" type="com.itheima.pojo.User" /> -->
			<package name="com.itheima.pojo" />
		</typeAliases>
	<!--1.配置环境 ，默认的环境id为mysql -->
		<environments default="mysql">
			<!--1.2.配置id为mysql的数据库环境 -->
			<environment id="mysql">
				<!-- 使用JDBC的事务管理 -->
				<transactionManager type="JDBC" />
				<!--数据库连接池 -->
				<dataSource type="POOLED">
					<!-- 数据库驱动 -->
					<property name="driver" value="${jdbc.driver}" />
					<!-- 连接数据库的url -->
					<property name="url" value="${jdbc.url}" />
					<!-- 连接数据库的用户名 -->
					<property name="username" value="${jdbc.username}" />
					<!-- 连接数据库的密码 -->
					<property name="password" value="${jdbc.password}" />
				</dataSource>
			</environment>
		</environments>
	 <!--2.配置Mapper的位置 -->
		<mappers>
			<mapper resource="com/itheima/mapper/StudentMapper.xml" />
			<mapper resource="com/itheima/mapper/UserMapper.xml" />
			<mapper resource="com/itheima/mapper/EmployeeMapper.xml" />
		</mappers>
	</configuration>

 