<?xml version="1.0" encoding="UTF-8"?>
<!DOCTYPE mapper
        PUBLIC "-//mybatis.org//DTD Mapper 3.0//EN"
        "http://mybatis.org/dtd/mybatis-3-mapper.dtd">
<mapper namespace="com.example.experiment01.mapper.TbOrdersMapper">
    <!-- 多对多嵌套查询：通过执行另外一条SQL映射语句来返回预期的特殊类型 -->
    <select id="findOrdersWithP1" parameterType="Integer" resultMap="OrdersWithProductResult">
        select * from tb_orders WHERE id=#{id}
    </select>
    <resultMap type="com.example.experiment01.entity.TbOrders" id="OrdersWithProductResult">
        <id property="id" column="id"/>
        <result property="number" column="number"/>
        <collection property="productList" column="id" ofType="com.example.experiment01.entity.TbProduct"
                    select="com.example.experiment01.mapper.TbProductMapper.findProductById">
<!--            <id property="id" column="pid"/>-->
<!--            <result property="name" column="name"/>-->
<!--            <result property="price" column="price"/>-->
        </collection>
    </resultMap>

    <!-- 多对多嵌套结果查询：查询某订单及其关联的商品详情 -->
    <select id="findOrdersWithP2" parameterType="int" resultMap="OrdersWithPorductResult2">
        select o.*,p.id as pid,p.name,p.price
        from tb_orders o,tb_product p,tb_ordersitem oi
        WHERE oi.orders_id=o.id
          and oi.product_id=p.id
          and o.id=#{id}
    </select>
    <!-- 自定义手动映射类型 -->
    <resultMap type="com.example.experiment01.entity.TbOrders" id="OrdersWithPorductResult2">
        <id property="id" column="id"/>
        <result property="number" column="number"/>
        <!-- 多对多关联映射：collection -->
        <collection property="productList" ofType="com.example.experiment01.entity.TbProduct">
            <id property="id" column="pid"/>
            <result property="name" column="name"/>
            <result property="price" column="price"/>
        </collection>
    </resultMap>
</mapper>