<?xml version="1.0" encoding="UTF-8"?>
<!DOCTYPE mapper
        PUBLIC "-//mybatis.org//DTD Mapper 3.0//EN"
        "http://mybatis.org/dtd/mybatis-3-mapper.dtd">
<mapper namespace="com.example.experiment01.mapper.TbProductMapper">

    <resultMap id="BaseResultMap" type="com.example.experiment01.entity.TbProduct">
            <id property="id" column="id" jdbcType="INTEGER"/>
            <result property="name" column="NAME" jdbcType="VARCHAR"/>
            <result property="price" column="price" jdbcType="DOUBLE"/>
    </resultMap>

    <sql id="Base_Column_List">
        id,NAME,price
    </sql>

<!--    方式1-->
<!--    <select id="findProductById" parameterType="Integer" resultType="com.example.experiment01.entity.TbProduct">-->
<!--        SELECT * from tb_product where id IN(-->
<!--            SELECT product_id FROM tb_ordersitem  WHERE orders_id = #{id}-->
<!--        )-->
<!--    </select>-->

<!--    方式2-->
    <select id="findProductById" parameterType="Integer" resultMap="BaseResultMap">
        SELECT * from tb_product where id IN(
            SELECT product_id FROM tb_ordersitem  WHERE orders_id = #{id}
        )
    </select>


</mapper>
