<?xml version="1.0" encoding="UTF-8"?>
<!DOCTYPE mapper
        PUBLIC "-//mybatis.org//DTD Mapper 3.0//EN"
        "http://mybatis.org/dtd/mybatis-3-mapper.dtd">
<mapper namespace="com.example.experiment01.mapper.TbUserMapper">

    <resultMap id="BaseResultMap" type="com.example.experiment01.entity.TbUser">
            <id property="id" column="id" jdbcType="INTEGER"/>
            <result property="username" column="username" jdbcType="VARCHAR"/>
            <result property="address" column="address" jdbcType="VARCHAR"/>
    </resultMap>

    <sql id="Base_Column_List">
        id,username,address
    </sql>
    <select id="selectById" resultMap="BaseResultMap">
        select
        <include refid="Base_Column_List"/>
        from tb_user
        where
        id = #{id,jdbcType=NUMERIC}
    </select>
</mapper>
