<?xml version="1.0" encoding="UTF-8"?>
<!DOCTYPE mapper
	   PUBLIC "-//mybatis.org//DTD Mapper 3.0//EN"
	   "http://mybatis.org/dtd/mybatis-3-mapper.dtd">
	<mapper namespace="com.itheima.mapper.EmployeeMapper">
	    <resultMap type="com.itheima.pojo.Employee" id="EmployeeMap">
	    </resultMap>
	    <select id="findAllemployeeById" resultMap="EmployeeMap">
	   			select * from employee where id = #{id}
	   	</select>
	    <select id="updateEmployeeById" resultMap="EmployeeMap">
	   			update employee set NAME where id = #{id}
	   	</select>
	   	<insert id="insertEmployee" parameterType="com.itheima.pojo.Employee">
	   	<!--参数名  数据实体对应 -->
	   		    insert into employee values(#{id},#{name},#{age},#{position})
	   	</insert>
	   	<!--  parameterType="com.itheima.pojo.Employee 数据实体-->
	   	<update id="updateUser" parameterType="com.itheima.pojo.Employee">
		    update employee set NAME=#{name},age=#{age} where id=#{id}
		</update>
		<!-- 删除用户信息 -->
		<delete id="deleteUser" parameterType="Integer">
		    delete from employee where id=#{id}
		</delete>
		
	   	
	</mapper>
