<?xml version="1.0" encoding="UTF-8"?>
<!DOCTYPE mapper PUBLIC "-//mybatis.org//DTD Mapper 3.0//EN" "http://mybatis.org/dtd/mybatis-3-mapper.dtd">

<mapper namespace="com.anhuay.strategy.dao.DeptStrategyDao">

	<select id="get" resultType="com.anhuay.strategy.domain.DeptStrategyDO">
		select `id`,`templet_id`,`templet_name`,`dept_ids`,`dept_names`,`status`,`create_time`,`update_time` from ahy_dept_strategy where id = #{value}
	</select>

	<select id="list" resultType="com.anhuay.strategy.domain.DeptStrategyDO">
		select `id`,`templet_id`,`templet_name`,`dept_ids`,`dept_names`,`status`,`create_time`,`update_time` from ahy_dept_strategy
        <where>  
		  		  <if test="id != null and id != ''"> and id = #{id} </if>
		  		  <if test="templetId != null and templetId != ''"> and templet_id = #{templetId} </if>
		  		  <if test="templetName != null and templetName != ''"> and templet_name LIKE CONCAT('%',#{templetName},'%') </if>
		  		  <if test="deptIds != null and deptIds != ''"> and dept_ids = #{deptIds} </if>
		  		  <if test="deptNames != null and deptNames != ''"> and dept_names LIKE CONCAT('%',#{deptNames},'%') </if>
		  		  <if test="status != null and status != ''"> and status = #{status} </if>
		  		  <if test="createTime != null and createTime != ''"> and create_time = #{createTime} </if>
		  		  <if test="updateTime != null and updateTime != ''"> and update_time = #{updateTime} </if>
		</where>
        <choose>
            <when test="sort != null and sort.trim() != ''">
                order by ${sort} ${order}
            </when>
			<otherwise>
                order by id desc
			</otherwise>
        </choose>
		<if test="offset != null and limit != null">
			limit #{offset}, #{limit}
		</if>
	</select>
	
 	<select id="count" resultType="int">
		select count(*) from ahy_dept_strategy
		 <where>  
		  		   <if test="id != null and id != ''"> and id = #{id} </if>
                  <if test="templetId != null and templetId != ''"> and templet_id = #{templetId} </if>
                  <if test="templetName != null and templetName != ''"> and templet_name LIKE CONCAT('%',#{templetName},'%') </if>
                  <if test="deptIds != null and deptIds != ''"> and dept_ids = #{deptIds} </if>
                  <if test="deptNames != null and deptNames != ''"> and dept_names LIKE CONCAT('%',#{deptNames},'%') </if>
                  <if test="status != null and status != ''"> and status = #{status} </if>
                  <if test="createTime != null and createTime != ''"> and create_time = #{createTime} </if>
                  <if test="updateTime != null and updateTime != ''"> and update_time = #{updateTime} </if>
		  		</where>
	</select>
	 
	<insert id="save" parameterType="com.anhuay.strategy.domain.DeptStrategyDO">
		insert into ahy_dept_strategy
		(
			`id`, 
			`templet_id`, 
			`templet_name`, 
			`dept_ids`, 
			`dept_names`, 
			`status`, 
			`create_time`, 
			`update_time`
		)
		values
		(
			#{id}, 
			#{templetId}, 
			#{templetName}, 
			#{deptIds}, 
			#{deptNames}, 
			#{status}, 
			#{createTime}, 
			#{updateTime}
		)
	</insert>
	 
	<update id="update" parameterType="com.anhuay.strategy.domain.DeptStrategyDO">
		update ahy_dept_strategy 
		<set>
			<if test="templetId != null">`templet_id` = #{templetId}, </if>
			<if test="templetName != null">`templet_name` = #{templetName}, </if>
			<if test="deptIds != null">`dept_ids` = #{deptIds}, </if>
			<if test="deptNames != null">`dept_names` = #{deptNames}, </if>
			<if test="status != null">`status` = #{status}, </if>
			<if test="createTime != null">`create_time` = #{createTime}, </if>
			<if test="updateTime != null">`update_time` = #{updateTime}</if>
		</set>
		where id = #{id}
	</update>
	
	<update id="updateStatus">
        update ahy_dept_strategy set status = 0 where id = #{value}
    </update>

    <update id="batchUpdateStatus">
        update ahy_dept_strategy set status = 0 where id in
        <foreach item="id" collection="array" open="(" separator="," close=")">
            #{id}
        </foreach>
    </update>
	
	<delete id="remove">
		delete from ahy_dept_strategy where id = #{value}
	</delete>
	
	<delete id="batchRemove">
		delete from ahy_dept_strategy where id in 
		<foreach item="id" collection="array" open="(" separator="," close=")">
			#{id}
		</foreach>
	</delete>
	
    <select id="selectDeptStrategy" resultType="String">
        SELECT GROUP_CONCAT(distinct t.templet_name ORDER BY t.templet_id DESC SEPARATOR ';') FROM ahy_dept_strategy t where t.dept_ids in
        <foreach item="deptIds" collection="array" open="(" separator="," close=")">
            #{deptIds}
        </foreach>
        GROUP BY t.status
    </select>

</mapper>