<component name="ProjectRunConfigurationManager">
  <configuration default="false" name="微信管理" type="GoApplicationRunConfiguration" factoryName="Go Application" folderName="微服务">
    <module name="aso-zero" />
    <working_directory value="$PROJECT_DIR$/rpc/wechat" />
    <go_parameters value="-i" />
    <parameters value="-f etc/wechat.yaml" />
    <kind value="FILE" />
    <package value="aso" />
    <directory value="$PROJECT_DIR$" />
    <filePath value="$PROJECT_DIR$/rpc/wechat/wechat.go" />
    <method v="2" />
  </configuration>
</component>