<component name="ProjectRunConfigurationManager">
  <configuration default="false" name="后台" type="GoApplicationRunConfiguration" factoryName="Go Application" folderName="api网关">
    <module name="aso-zero" />
    <working_directory value="$PROJECT_DIR$/admin-api" />
    <go_parameters value="-i" />
    <parameters value="-f etc/admin-api.yaml" />
    <kind value="FILE" />
    <package value="aso" />
    <directory value="$PROJECT_DIR$" />
    <filePath value="$PROJECT_DIR$/admin-api/admin.go" />
    <method v="2" />
  </configuration>
</component>