<?xml version="1.0" encoding="UTF-8"?>

<!DOCTYPE mapper PUBLIC "-//mybatis.org//DTD Mapper 3.0//EN" "http://mybatis.org/dtd/mybatis-3-mapper.dtd">
<mapper namespace="com.bjpowernode.music.ss.mapper.ITestMapper">
	<resultMap id="baseResultMap" type="com.bjpowernode.music.ss.domain.Test">
		<id column="test_id" jdbcType="INTEGER" property="testId" />
		<result column="test_name" jdbcType="CHAR" property="testName" />
		<result column="info" jdbcType="LONGVARCHAR" property="info" />
		<result column="other" jdbcType="VARCHAR" property="other" />
	</resultMap>
	<sql id="baseColumnList">
test_id,test_name,info,other	</sql>
	<sql id="voColumnList">
test_id,test_name,info,other	</sql>
		<insert id="insert" useGeneratedKeys="true" keyProperty="entity.testId">
		INSERT INTO ${tableName} (
		test_name, info, other
		) VALUES (
		#{entity.testName}, #{entity.info}, #{entity.other}
		)	</insert>
		<insert id="insertByBatch" parameterType="java.util.List">
		INSERT INTO ${tableName} (
		test_name, info, other
		) VALUES 
		<foreach collection="list" item="entity" index="index" separator=",">
			(#{entity.testName}, #{entity.info}, #{entity.other})
		</foreach>
	</insert>
		<update id="update">
		UPDATE ${tableName} SET 
		test_name=#{entity.testName}, info=#{entity.info}, other=#{entity.other}
		 WHERE 
		test_id = #{entity.testId}

	</update>
	<select id="getById" parameterType="java.lang.Integer" resultMap="baseResultMap">
		select
		<include refid="voColumnList" />
		from ${tableName} 
		where test_id = #{id}
	</select>
	<select id="getOne" parameterType="java.util.Map" resultMap="baseResultMap">
		select
		<if test="field == null">
			<include refid="voColumnList" />
		</if>
		<if test="field != null">
			${field}
		</if>
		from ${tableName} 
		<where>
			<foreach collection="condition" index="key" item="value">
				${value} ${key}
			</foreach>
		</where>
		limit 1;
	</select>
	<select id="getCount" parameterType="java.util.Map" resultType="java.lang.Integer">
		select
		count(test_id)
		from ${tableName} 
		<where>
			<foreach collection="condition" index="key" item="value">
				${value} ${key}
			</foreach>
		</where>
	</select>
	<!-- 这部分为根据传递参数，自动生成SQL -->
	<select id="getList" parameterType="java.util.Map" resultMap="baseResultMap">
		select
		<if test="field == null">
			<include refid="voColumnList" />
		</if>
		<if test="field != null">
			${field}
		</if>
		from ${tableName} 
		<where>
			<foreach collection="condition" index="key" item="value">
				${value} ${key}
			</foreach>
		</where>
		<if test="order != null">
			order by ${order}
		</if>
		<if test="limit != 0">
			<if test="offset != 0">
				limit ${offset}, ${limit}
			</if>
			<if test="offset == 0">
				limit ${limit}
			</if>
		</if>
	</select>
	<!-- 判断表格是否存在，如果不存在可以配合createTable使用，用于动态创建表格 -->
	<select id="existTable" parameterType="String" resultType="java.lang.Integer">
		select count(table_name) from information_schema.TABLES WHERE table_name=#{tableName} ;
	</select>
	<update id="createTable" parameterType="String">
		<!-- 这里是创建表格的SQL，复制过来，表名作为参数传递 -->
		<!-- create table ${tableName} (   //  表名要这样写 -->
	</update>
	<cache />
</mapper>
