<?xml version="1.0" encoding="UTF-8"?>

<!DOCTYPE mapper PUBLIC "-//mybatis.org//DTD Mapper 3.0//EN" "http://mybatis.org/dtd/mybatis-3-mapper.dtd">
<mapper namespace="com.bjpowernode.music.ss.mapper.IUserMapper">
	<resultMap id="baseResultMap" type="com.bjpowernode.music.ss.domain.User">
		<id column="user_id" jdbcType="INTEGER" property="user_id" />
		<result column="user_name" jdbcType="VARCHAR" property="user_name" />
		<result column="user_password" jdbcType="VARCHAR" property="user_password" />
	</resultMap>
	<sql id="baseColumnList">
user_id,user_name,user_password	</sql>
    <sql id="voColumnList">
user_id,user_name,user_password</sql>

		<insert id="insert" useGeneratedKeys="true" keyProperty="entity.user_id">
		INSERT INTO user (
		user_name, user_password
		) VALUES (
		#{entity.user_name}, #{entity.user_password}
		)	</insert>
		
		<select id="select" parameterType="String">
		select user_name
		from user where user_name=#{entity.user_name} and user_password = #{entity.user_password}
		
		</select>
		
		<insert id="insertByBatch" parameterType="java.util.List">
		INSERT INTO ${tableName} (
		test_name, info, other
		) VALUES 
		<foreach collection="list" item="entity" index="index" separator=",">
			(#{entity.testName}, #{entity.info}, #{entity.other})
		</foreach>
	</insert>
	
	<!-- <update id="update">
		UPDATE ${tableName} SET 
		test_name=#{entity.testName}, info=#{entity.info}, other=#{entity.other}
		 WHERE 
		test_id = #{entity.testId}

	</update> -->
		<update id="update">
		UPDATE ${tableName} SET 
		user_name=#{entity.user_name}, user_password=#{entity.user_password}
		 WHERE 
	      user_id = #{entity.user_id}

	</update>
	
	<select id="getUserByName" parameterType="String" resultMap="baseResultMap">
		select
		user_name
		from ${tableName} 
		where user_name = #{userName}
	</select>
	
	<select id="getOne" parameterType="java.util.Map" resultMap="baseResultMap">
		select
		<if test="field == null">
			<include refid="voColumnList" />
		</if>
		<if test="field != null">
			${field}
		</if>
		from ${tableName} 
		<where>
			<foreach collection="condition" index="key" item="value">
				${value} ${key}
			</foreach>
		</where>
		limit 1;
	</select>
	<select id="getCount" parameterType="java.util.Map" resultType="java.lang.Integer">
		select
		count(test_id)
		from ${tableName} 
		<where>
			<foreach collection="condition" index="key" item="value">
				${value} ${key}
			</foreach>
		</where>
	</select>
	<!-- 这部分为根据传递参数，自动生成SQL -->
	<select id="getList" parameterType="java.util.Map" resultMap="baseResultMap">
		select
		<if test="field == null">
			<include refid="voColumnList" />
		</if>
		<if test="field != null">
			${field}
		</if>
		from ${tableName} 
		<where>
			<foreach collection="condition" index="key" item="value">
				${value} ${key}
			</foreach>
		</where>
		<if test="order != null">
			order by ${order}
		</if>
		<if test="limit != 0">
			<if test="offset != 0">
				limit ${offset}, ${limit}
			</if>
			<if test="offset == 0">
				limit ${limit}
			</if>
		</if>
	</select>
	<!-- 判断表格是否存在，如果不存在可以配合createTable使用，用于动态创建表格 -->
	<select id="existTable" parameterType="String" resultType="java.lang.Integer">
		select count(table_name) from information_schema.TABLES WHERE table_name=#{tableName} ;
	</select>
	<update id="createTable" parameterType="String">
		<!-- 这里是创建表格的SQL，复制过来，表名作为参数传递 -->
		<!-- create table ${tableName} (   //  表名要这样写 -->
	</update>
	<cache />
</mapper>
