<?xml version="1.0" encoding="UTF-8"?>
<beans xmlns="http://www.springframework.org/schema/beans"
       xmlns:xsi="http://www.w3.org/2001/XMLSchema-instance"
       xmlns:context="http://www.springframework.org/schema/context"
       xmlns:mvc="http://www.springframework.org/schema/mvc"
       xsi:schemaLocation="http://www.springframework.org/schema/beans
							http://www.springframework.org/schema/beans/spring-beans.xsd
							http://www.springframework.org/schema/context
							http://www.springframework.org/schema/context/spring-context.xsd
							http://www.springframework.org/schema/mvc
							http://www.springframework.org/schema/mvc/spring-mvc.xsd">

    <!-- 告知springmvc  哪些包中 存在 被注解的类 -->
    <context:component-scan base-package="cn.lfj.controller"></context:component-scan>
    <!-- 注册注解开发驱动 -->
    <mvc:annotation-driven></mvc:annotation-driven>

    <!-- 视图解析器
         作用：1.捕获后端控制器的返回值="index"
              2.解析： 在返回值的前后 拼接 ==> "/index.jsp"
     -->
    <bean class="org.springframework.web.servlet.view.InternalResourceViewResolver">
        <!-- 前缀 -->
        <property name="prefix" value="/"></property>
        <!-- 后缀 -->
        <property name="suffix" value=".jsp"></property>
    </bean>

<!--    &lt;!&ndash; 1配置数据源 &ndash;&gt;-->
<!--    <bean id="dataSource" class="org.springframework.jdbc.datasource.DriverManagerDataSource">-->
<!--        &lt;!&ndash;数据库驱动 &ndash;&gt;-->
<!--        <property name="driverClassName" value="com.mysql.jdbc.Driver"/>-->
<!--        &lt;!&ndash;连接数据库的url &ndash;&gt;-->
<!--        <property name="url" value="jdbc:mysql://localhost/lesson4"/>-->
<!--        &lt;!&ndash;连接数据库的用户名 &ndash;&gt;-->
<!--        <property name="username" value="root"/>-->
<!--        &lt;!&ndash;连接数据库的密码 &ndash;&gt;-->
<!--        <property name="password" value="741106"/>-->
<!--    </bean>-->
<!--    &lt;!&ndash; 2配置JDBC模板 &ndash;&gt;-->
<!--    <bean id="jdbcTemplate"-->
<!--          class="org.springframework.jdbc.core.JdbcTemplate">-->
<!--        &lt;!&ndash; 默认必须使用数据源 &ndash;&gt;-->
<!--        <property name="dataSource" ref="dataSource"/>-->
<!--    </bean>-->

</beans>