<?xml version="1.0" encoding="UTF-8"?>
<!DOCTYPE mapper PUBLIC "-//mybatis.org//DTD Mapper 3.0//EN" "http://mybatis.org/dtd/mybatis-3-mapper.dtd">

<mapper namespace="com.anhuay.terminal.dao.AutoupdateDao">

	<select id="get" resultType="com.anhuay.terminal.domain.AutoupdateDO">
		select `id`,`os_ip`,`os_id`,`task_id`,`url`,`srv_version`,`status`,`createtime`,`updatetime`,`notes` from tmp_autoupdate where id = #{value}
	</select>

	<select id="list" resultType="com.anhuay.terminal.domain.AutoupdateDO">
		select `id`,`os_ip`,`os_id`,`task_id`,`url`,`srv_version`,`status`,`createtime`,`updatetime`,`notes` from tmp_autoupdate
        <where>  
		  		  <if test="id != null and id != ''"> and id = #{id} </if>
		  		  <if test="osIp != null and osIp != ''"> and os_ip LIKE CONCAT('%',#{osIp},'%') </if>
		  		  <if test="osId != null and osId != ''"> and os_id = #{osId} </if>
		  		  <if test="taskId != null and taskId != ''"> and task_id = #{taskId} </if>
		  		  <if test="url != null and url != ''"> and url = #{url} </if>
		  		  <if test="srvVersion != null and srvVersion != ''"> and srv_version = #{srvVersion} </if>
		  		  <if test="status != null and status != ''"> and status = #{status} </if>
		  		  <if test="createtime != null and createtime != ''"> and createtime = #{createtime} </if>
		  		  <if test="updatetime != null and updatetime != ''"> and updatetime = #{updatetime} </if>
		  		  <if test="notes != null and notes != ''"> and notes = #{notes} </if>
		  		  and status = 1
		</where>
        <choose>
            <when test="sort != null and sort.trim() != ''">
                order by ${sort} ${order}
            </when>
			<otherwise>
                order by id desc
			</otherwise>
        </choose>
		<if test="offset != null and limit != null">
			limit #{offset}, #{limit}
		</if>
	</select>
	
 	<select id="count" resultType="int">
		select count(*) from tmp_autoupdate
		 <where>  
		  		  <if test="id != null and id != ''"> and id = #{id} </if>
		  		  <if test="osIp != null and osIp != ''"> and os_ip LIKE CONCAT('%',#{osIp},'%') </if>
		  		  <if test="osId != null and osId != ''"> and os_id = #{osId} </if>
		  		  <if test="taskId != null and taskId != ''"> and task_id = #{taskId} </if>
		  		  <if test="url != null and url != ''"> and url = #{url} </if>
		  		  <if test="srvVersion != null and srvVersion != ''"> and srv_version = #{srvVersion} </if>
		  		  <if test="status != null and status != ''"> and status = #{status} </if>
		  		  <if test="createtime != null and createtime != ''"> and createtime = #{createtime} </if>
		  		  <if test="updatetime != null and updatetime != ''"> and updatetime = #{updatetime} </if>
		  		  <if test="notes != null and notes != ''"> and notes = #{notes} </if>
		  		  and status = 1
		</where>
	</select>
	 
	<insert id="save" parameterType="com.anhuay.terminal.domain.AutoupdateDO" useGeneratedKeys="true" keyProperty="id">
		insert into tmp_autoupdate
		(
			`os_ip`, 
			`os_id`, 
			`task_id`, 
			`url`, 
			`srv_version`, 
			`status`, 
			`createtime`, 
			`updatetime`, 
			`notes`
		)
		values
		(
			#{osIp}, 
			#{osId}, 
			#{taskId}, 
			#{url}, 
			#{srvVersion}, 
			#{status}, 
			#{createtime}, 
			#{updatetime}, 
			#{notes}
		)
	</insert>
	 
	<update id="update" parameterType="com.anhuay.terminal.domain.AutoupdateDO">
		update tmp_autoupdate 
		<set>
			<if test="osIp != null">`os_ip` = #{osIp}, </if>
			<if test="osId != null">`os_id` = #{osId}, </if>
			<if test="taskId != null">`task_id` = #{taskId}, </if>
			<if test="url != null">`url` = #{url}, </if>
			<if test="srvVersion != null">`srv_version` = #{srvVersion}, </if>
			<if test="status != null">`status` = #{status}, </if>
			<if test="createtime != null">`createtime` = #{createtime}, </if>
			<if test="updatetime != null">`updatetime` = #{updatetime}, </if>
			<if test="notes != null">`notes` = #{notes}</if>
		</set>
		where id = #{id}
	</update>
	
	<update id="updateStatus">
        update tmp_autoupdate set status = 0 where id = #{value}
    </update>

    <update id="batchUpdateStatus">
        update tmp_autoupdate set status = 0 where id in
        <foreach item="id" collection="array" open="(" separator="," close=")">
            #{id}
        </foreach>
    </update>
	
	<delete id="remove">
		delete from tmp_autoupdate where id = #{value}
	</delete>
	
	<delete id="batchRemove">
		delete from tmp_autoupdate where id in 
		<foreach item="id" collection="array" open="(" separator="," close=")">
			#{id}
		</foreach>
	</delete>
	
	
	<select id="listAutoupdate" resultType="com.anhuay.terminal.domain.AutoupdateDO">
        select `id`,`os_ip`,`os_id`,`task_id`,`url`,`srv_version`,`status`,`createtime`,`updatetime`,`notes` from tmp_autoupdate
        <where>  
                  <if test="id != null and id != ''"> and id = #{id} </if>
                  <if test="osIp != null and osIp != ''"> and os_ip = #{osIp} </if>
                  <if test="osId != null and osId != ''"> and os_id = #{osId} </if>
                  <if test="taskId != null and taskId != ''"> and task_id = #{taskId} </if>
                  <if test="url != null and url != ''"> and url = #{url} </if>
                  <if test="srvVersion != null and srvVersion != ''"> and srv_version = #{srvVersion} </if>
                  <if test="status != null and status != ''"> and status = #{status} </if>
                  <if test="createtime != null and createtime != ''"> and createtime = #{createtime} </if>
                  <if test="updatetime != null and updatetime != ''"> and updatetime = #{updatetime} </if>
                  <if test="notes != null and notes != ''"> and notes = #{notes} </if>
                  and status = 1
        </where>
        <choose>
            <when test="sort != null and sort.trim() != ''">
                order by ${sort} ${order}
            </when>
            <otherwise>
                order by id desc
            </otherwise>
        </choose>
        <if test="offset != null and limit != null">
            limit #{offset}, #{limit}
        </if>
    </select>
    
    <select id="countAutoupdate" resultType="int">
        select count(*) from tmp_autoupdate
         <where>  
                  <if test="id != null and id != ''"> and id = #{id} </if>
                  <if test="osIp != null and osIp != ''"> and os_ip = #{osIp} </if>
                  <if test="osId != null and osId != ''"> and os_id = #{osId} </if>
                  <if test="taskId != null and taskId != ''"> and task_id = #{taskId} </if>
                  <if test="url != null and url != ''"> and url = #{url} </if>
                  <if test="srvVersion != null and srvVersion != ''"> and srv_version = #{srvVersion} </if>
                  <if test="status != null and status != ''"> and status = #{status} </if>
                  <if test="createtime != null and createtime != ''"> and createtime = #{createtime} </if>
                  <if test="updatetime != null and updatetime != ''"> and updatetime = #{updatetime} </if>
                  <if test="notes != null and notes != ''"> and notes = #{notes} </if>
                  and status = 1
        </where>
    </select>

</mapper>